Camera_baseline,Camera_optimized,Camera_improvement,Camera_improvement_pct,CameraAccessory_baseline,CameraAccessory_optimized,CameraAccessory_improvement,CameraAccessory_improvement_pct,EntertainmentSmall_baseline,EntertainmentSmall_optimized,EntertainmentSmall_improvement,EntertainmentSmall_improvement_pct,GameCDDVD_baseline,GameCDDVD_optimized,GameCDDVD_improvement,GameCDDVD_improvement_pct,GamingHardware_baseline,GamingHardware_optimized,GamingHardware_improvement,GamingHardware_improvement_pct
3.1957617713709734,4.495844360590311,1.300082589219338,40.68146133000414,0.9359722750626563,1.024103194485968,0.08813091942331164,9.41597542698708,1.8405425758309337,2.3688433758822782,0.5283008000513445,28.703535956664144,0.5609662862084297,0.6420730555345204,0.08110676932609073,14.458403529789868,3.1350544259691486,3.357734126537893,0.2226797005687442,7.102897440126787
3.648746192447283,5.315978938406884,1.667232745959601,45.6933055363151,0.8979737747995802,0.9867487536233769,0.0887749788237967,9.886143817909437,3.0461291903575045,3.619069015655466,0.5729398252979614,18.808782868159284,0.5312337740796075,0.6343472114791365,0.10311343739952905,19.41018105977522,1.3352151027860941,1.6121128290530886,0.2768977262669945,20.73806128235163
1.5736104028996514,3.1167880101268786,1.5431776072272272,98.06605271442369,0.9159664164802932,1.0048308933501935,0.08886447686990029,9.701717800022877,2.2486398986106106,2.8078568008770555,0.5592169022664448,24.869117665837635,0.5470392170693935,0.6427489857276556,0.09570976865826208,17.495961106956802,1.2430771247894234,1.5018145397811322,0.25873741499170877,20.81426886811538
2.20161899860216,3.4331219689248775,1.2315029703227176,55.936243787168294,0.9088198249845493,0.9964892452072074,0.08766942022265811,9.646512742407284,2.9089493996791527,3.427401544658048,0.5184521449788955,17.82265944660567,0.5554397257237633,0.6324001249551086,0.07696039923134523,13.85576070041845,1.1409065282390602,1.3532816809310861,0.2123751526920259,18.61459702748986
2.762235161853131,3.840456060098191,1.07822089824506,39.03436293677843,0.8235716448846949,0.9097216347557149,0.08614998987101996,10.460533750294607,3.254879282207115,3.749159120680886,0.494279838473771,15.185811688186565,0.5139073963648224,0.5815489127903685,0.06764151642554606,13.1621994359325,1.1564610479876722,1.345550682388952,0.1890896344012798,16.350713647494633
1.971263538909695,3.2340692272547202,1.2628056883450252,64.06072366374119,0.845775623380121,0.9336711509510192,0.08789552757089814,10.392298517616986,2.81254380842062,3.335559722447548,0.5230159140269279,18.59583173286203,0.4515387963310898,0.5303934083095933,0.07885461197850346,17.463529738579428,1.131098595616648,1.348185249072615,0.217086653455967,19.192549110859478
16.802644110470446,29.889597211433315,13.08695310096287,77.88627203505327,1.4513517611837787,1.225412329299127,-0.2259394318846517,-15.567516981573561,7.076187075027974,7.567985513852486,0.491798438824512,6.95004857291125,1.3799433855253829,2.145650095874812,0.765706710349429,55.48826990883421,3.5016533235284424,5.321509523693405,1.8198562001649625,51.97134130717382
13.018838674397383,21.57886528181644,8.560026607419058,65.75107673968688,1.3039250558623652,1.2442712697958198,-0.05965378606654537,-4.57493977881211,6.450824177789243,7.168870583502553,0.7180464057133102,11.131080090286872,1.1204506261524232,1.6309825555174815,0.5105319293650583,45.56487518938714,3.060144110130101,4.297125657951613,1.2369815478215118,40.42232990683965
14.775903446456212,24.532719778367095,9.756816331910883,66.0319442886649,1.255240085459767,1.1544335291830221,-0.10080655627674484,-8.030858593861876,7.884669038501262,8.555853296271113,0.671184257769851,8.512522903528636,1.2078573173001843,1.7859369667306308,0.5780796494304465,47.859928581844116,2.9497338587974147,4.341768300417914,1.392034441620499,47.191865715913146
2.683791937365174,4.163347133679232,1.4795551963140579,55.1292809146233,0.7392944223246674,0.8280907625971665,0.08879634027249916,12.010957690345391,3.462553420853157,4.014227366585652,0.5516739457324946,15.932575723165732,0.5546656123810441,0.6465664794022978,0.09190086702125377,16.568697422352503,1.2368994628275953,1.4862642167309081,0.2493647539033128,20.16047070901432
3.0746514704852963,4.518509556537173,1.4438580860518764,46.96005709629199,0.8144711194616066,0.9031927258436495,0.08872160638204296,10.893155602704612,2.752171705166399,3.299451859745834,0.5472801545794348,19.88539281731863,0.5383899752309169,0.6281499242790745,0.08975994904815754,16.671920573866416,1.3286838985354352,1.5727708771406226,0.24408697860518735,18.370583016339435
3.5533849382447977,5.264735627964083,1.7113506897192856,48.161139855695204,0.9085500515423008,0.9972273822853013,0.08867733074300044,9.760313214716906,3.7394308883011806,4.316959513403921,0.5775286251027403,15.44429198864298,0.5341078964049737,0.6398474495838331,0.10573955317885941,19.797414322196257,1.2607283942806518,1.5440503881674266,0.2833219938867748,22.472881167115546
3.4530906394859313,4.8792797301749875,1.4261890906890562,41.3018145072895,0.9448273843403154,1.0335019206699716,0.08867453632965616,9.385263149582535,3.5187943280120866,4.063855023876048,0.5450606958639614,15.489984496249,0.5125787890424609,0.6012780050442306,0.08869921600176967,17.30450379491259,1.2137201432017215,1.4551896007736638,0.24146945757194227,19.894986412185613
2.721693397049571,3.9295914254293303,1.2078980283797591,44.38038574400668,0.8137770086631546,0.9012581257353797,0.08748111707222506,10.750010892533826,2.669985819590416,3.184917669978501,0.5149318503880851,19.285939521097426,0.5170407527768713,0.5925708934342401,0.07553014065736874,14.608160043810653,1.270121158599408,1.478934229053518,0.2088130704541098,16.44040562904824
5.41273490320259,7.999545485592931,2.5868105823903402,47.79119296715943,0.9909912544908148,1.0771837165344085,0.08619246204359365,8.69760067538442,3.949327374275068,4.633179364906745,0.6838519906316769,17.315657220166603,0.6272163315379121,0.7955060621680814,0.16828973063016928,26.831209929997975,1.6141812917665623,2.0493095249865467,0.4351282332199844,26.95659003356305
5.49127209708722,8.09055492308717,2.59928282599995,47.33480293898946,1.089895424553927,1.1759150724728227,0.08601964791889571,7.892468027756139,3.430799108986678,4.115305426025606,0.6845063170389283,19.951804092694438,0.6879025726403594,0.8569196158660211,0.1690170432256617,24.569910034923662,2.2071550335616124,2.6440241062717034,0.436869072710091,19.793311573819533
2.04121416669854,3.3153251808261373,1.2741110141275973,62.419271574444565,0.6557855894746238,0.7437563267075701,0.08797073723294624,13.414557844039104,2.325789965110278,2.850425587174463,0.524635622064185,22.557308696587715,0.37691945816920447,0.4564575051213462,0.07953804695214173,21.102133420884833,1.6159824171656723,1.8347673145529304,0.21878489738725815,13.53881670142133
4.143993891524193,5.254645853571187,1.110651962046994,26.801486467406143,0.7020696233856041,0.7886021852831524,0.08653256189754832,12.325353357443475,3.0820926243414037,3.5817571450783965,0.49966452073699275,16.211859331896733,0.4743492855163608,0.543968911790927,0.0696196262745662,14.676869640223153,1.767285571432398,1.9613337282375833,0.19404815680518528,10.980011376877128
3.9142489655472983,4.818055740342411,0.9038067747951124,23.09017087953015,0.7076306444053503,0.7910630294805703,0.08343238507522,11.79038609122581,2.5864313051212346,3.0488315629839966,0.46240025786276195,17.877925346294386,0.438637163382056,0.4955706638511345,0.056933500469078524,12.979634472852236,1.1771109986648571,1.3391895121293784,0.1620785134645213,13.769178407844246
3.8237502090850857,5.119178117342425,1.2954279082573397,33.87846583648304,0.6862984148930978,0.7744019001626932,0.08810348526959533,12.837489255066819,3.6508459688984436,4.178495527570706,0.5276495586722625,14.452802533092576,0.42650809623242786,0.5073338496527228,0.08082575342029491,18.950578930217652,1.307724088032197,1.5297064161203908,0.22198232808819385,16.974706677019512
4.699137784515354,6.162529612252355,1.4633918277370004,31.14170928460927,0.7652016094002868,0.8539674404835348,0.08876583108324798,11.60031944428562,2.644199542450834,3.193898771453587,0.5496992290027531,20.788870891840954,0.5340717144099479,0.625003534783695,0.09093182037374703,17.02614422750513,1.5437265845880337,1.7907033131459202,0.24697672855788655,15.998735205029584
3.5154750843115603,4.78937664133208,1.2739015570205194,36.23696730793326,0.7805147408439397,0.8684840983390648,0.08796935749512513,11.270684958493845,2.847601122500772,3.372206819706336,0.5246056972055642,18.422724062731575,0.4831922898352011,0.5627176684230446,0.07952537858784348,16.458329377516893,1.3290518701617295,1.5478052790964287,0.2187534089346992,16.45935827230577
2.42611267396636,3.450138719037172,1.024026045070812,42.20851142072765,0.7589585829865851,0.8443886445965235,0.08543006160993838,11.25622181829234,2.300628533439774,2.7855534112877636,0.48492487784798977,21.077930261212426,0.4566398167032144,0.5209672450244583,0.06432742832124394,14.087126432746555,1.3147630870822269,1.4955246216212053,0.18076153453897836,13.748601273871428
3.3482532082961125,5.176000010848345,1.827746802552232,54.58806992325265,0.8461663649823511,0.9344341397426054,0.08826777476025427,10.431491774326828,2.702203451994636,3.2911655052088356,0.5889620532141997,21.795622116441912,0.5659337162431987,0.6785859892838737,0.11265227304067504,19.90555957480098,1.7264463054563166,2.0266389967012413,0.30019269124492465,17.38789618282283
-0.546431391877233,0.5274731450812085,1.0739045369584415,0.0,0.6863734428584148,0.7724698572926395,0.08609641443422467,12.543669241582913,1.5197415522783275,2.0132929650283464,0.4935514127500189,32.47600962216958,0.4347412479983723,0.50211921053879,0.06737796254041772,15.498405741492924,1.0440453632755524,1.2324736660344795,0.18842830275892708,18.047903796800412
2.311140195926858,3.4864939017582315,1.1753537058313737,50.85601072158285,0.7043959387810556,0.7915913106680557,0.0871953718870001,12.378744266738693,3.5381681816731505,4.048130979066542,0.5099627973933916,14.41318702810326,0.44651135439100004,0.5200668175000606,0.07355546310906053,16.473369016423632,1.1934974568052676,1.3973857820974158,0.20388832529214818,17.083264327844716
2.979706678304419,3.9489547202637976,0.9692480419593785,32.5283038433475,0.7241426685489618,0.8087349732782967,0.08459230472933488,11.681718037529961,3.071330293310502,3.546312513262324,0.4749822199518223,15.465032236563921,0.4492212165724588,0.5101872568479608,0.060966040275502065,13.571496186371315,1.1785766351006077,1.3508630260588577,0.17228639095824994,14.618174654679365
1.554130334817946,3.2126213910830304,1.6584910562650843,106.71505594537946,0.7441185123837991,0.8329088846125706,0.08879037222877151,11.932289111358042,1.717039815371221,2.289052884925277,0.572013069554056,33.31390829923112,0.48981495486546867,0.5924076312272022,0.10259267636173353,20.945190697558708,1.2460593734077912,1.5216821191252414,0.27562274571745027,22.119551571901596
4.856727748485424,6.431182499993185,1.5744547515077612,32.418015442573584,0.9522392960344589,1.041108065354565,0.08886876932010612,9.332608903055625,2.6160281087375017,3.1788238305416625,0.5627957218041608,21.513366768668504,0.6109223582482741,0.7085015592282224,0.09757920097994832,15.972438995315489,2.210135967339845,2.4734659145522198,0.2633299472123749,11.914649193702008
-4.1122858575809245,-2.3259881556136213,1.7862977019673032,0.0,0.8357810740433568,0.9242191038273116,0.08843802978395487,10.581482702893448,1.3832273384663645,1.9682260467990587,0.5849987083326942,42.292303807507444,0.3646879288973638,0.47488109048746857,0.11019316159010478,30.215741421240484,1.0190345499020927,1.3132321444770434,0.29419759457495065,28.870227668258813
3.6488263838311097,5.0807605453608655,1.4319341615297558,39.24369128317602,0.8773647944179886,0.9660553875760904,0.0886905931581018,10.10874766372816,3.601389085048828,4.147174759376048,0.5457856743272198,15.154865565430011,0.47754586417282807,0.5665900586165112,0.08904419444368317,18.646207856478743,1.3319950641195073,1.574316009219575,0.24232094510006763,18.192330559441658
1.7560356357394316,3.4279002369530067,1.6718646012135752,95.2067581766122,0.7136809954212189,0.8094180667668928,0.09573707134567389,13.414546829731577,1.778376791058114,2.3463402456055857,0.5679634545474717,31.937183245038852,0.4025162693555912,0.5225341317574885,0.12001786240189732,29.816897238474365,0.824673394789018,1.127998267629371,0.3033248728403529,36.781212387475485
-0.20638939300476045,0.6626281237487999,0.8690175167535603,0.0,0.5183873136950036,0.6060961302485947,0.08770881655359108,16.919553051638744,1.3382589873248723,1.8100015938860297,0.4717426065611574,35.25047177184683,0.246147171883014,0.3116103355953209,0.06546316371230693,26.595131364507207,0.40892799635901517,0.5888554066882665,0.17992741032925136,43.99977793921585
2.151789806132459,2.793747399810006,0.6419575936775472,29.83365716521244,0.5865230902688707,0.6680670026706391,0.08154391240176839,13.902933022532407,1.3445927784752416,1.771015892586747,0.42642311411150535,31.713922678884682,0.2500692428175507,0.29978590347014333,0.049716660652592615,19.881157751521503,0.47164137164542475,0.6143710295481495,0.14272965790272474,30.26232779469301
5.499944767875887,9.000120046734484,3.500175278858597,63.640189612492904,0.901104328205992,0.9821751268162072,0.08107079861021527,8.996827123405241,3.1944913169148026,3.8281297409482615,0.6336384240334589,19.835346575473512,0.539397890579677,0.7810579524923332,0.2416600619126562,44.8018181259386,1.5056445204420268,2.070743823432417,0.5650993029903904,37.532053238203176
4.172023785256622,6.110548681587119,1.938524896330497,46.46485725179676,0.6587929448787501,0.7544297994298746,0.09563685455112458,14.516982201247833,3.361580193859805,3.9486281642853767,0.5870479704255716,17.463452798117434,0.3944113479046983,0.5323275688899841,0.13791622098528583,34.967609760206635,0.8829179067943348,1.2256043802242564,0.34268647342992165,38.812948609699724
3.2752157576863525,5.017439913189419,1.7422241555030662,53.194179693791895,0.7089923336631306,0.8048009865007921,0.09580865283766149,13.513355263328396,2.206070615052272,2.7795260748257156,0.5734554597734434,25.9944290024395,0.4472498216063529,0.5719979828865013,0.12474816128014837,27.892277481989815,0.8441703771988317,1.1579382565684346,0.31376787936960293,37.16878580965648
2.0512827442666945,3.355296971899004,1.3040142276323095,63.570672120994054,0.6769253342540166,0.7709004919782281,0.0939751577242115,13.882647460339737,2.458574653712322,2.991366134479189,0.5327914807668668,21.670746501936758,0.4339429439022947,0.5291195197072837,0.09517657580498895,21.932970023455116,0.8320588612885407,1.079972929229943,0.24791406794140225,29.79525601800313
2.3524510243415198,4.000948304939276,1.648497280597756,70.07573222737723,0.7061649508663763,0.8018613903394416,0.09569643947306528,13.551570260695843,2.4339141955203374,2.99997519439727,0.5660609988769325,23.257229031277188,0.37534231565550613,0.49378784847019386,0.11844553281468773,31.556669172201335,0.7166823318330947,1.0165290843574732,0.29984675252437853,41.838167233374556
2.752000136542084,3.9939983268688874,1.2419981903268034,45.13074595582639,0.7294412682651593,0.8228479147715521,0.09340664650639274,12.805231972759524,2.6323880255003425,3.157986725066913,0.5255986995665705,19.966611854901938,0.38741981137501,0.4783865993259843,0.09096678795097429,23.48015906262505,0.6550578458991423,0.8934707419205361,0.23841289602139382,36.395701160428764
2.025202191258886,3.1819283832363774,1.1567261919774916,57.11657813575933,0.7238794806262718,0.816350172865799,0.0924706922395272,12.774321515444148,3.036204982449688,3.5511961252943602,0.5149911428446723,16.96167241083849,0.3647709069800503,0.44993677819427685,0.08516587121422653,23.34776967804736,0.6803546951688344,0.9056126980364998,0.2252580028676654,33.108906937397734
2.226010933915129,3.664582973801579,1.4385720398864503,64.62556036758886,0.5923556620387528,0.687273006499679,0.09491734446092626,16.02370848186754,2.4114984026782267,2.9585409213625713,0.5470425186843446,22.684755589172088,0.3529017686295388,0.45718898264493935,0.10428721401540053,29.551343542535996,0.8025706179560403,1.0709283607871025,0.2683577428310622,33.437274780193995
3.4594402524406465,6.003302256867288,2.5438620044266416,73.53391932790106,0.680889060978902,0.7732139403832492,0.0923248794043472,13.559459931932723,3.4620750932745716,4.0780746189787305,0.6159995257041588,17.7927834927902,0.3766883739996468,0.5549946657739728,0.17830629177432605,47.33522563520722,0.814287570114225,1.2445324056897404,0.4302448355755154,52.83696465060401
2.743234942505317,3.5627245785905672,0.8194896360852502,29.873111609493936,0.6076794258274189,0.6942610894880957,0.08658166366067688,14.247917566533856,2.5089778426721665,2.9718463024848036,0.46286845981263713,18.448487345733707,0.3375893548930327,0.3996356480688191,0.062046293175786416,18.379220871892173,0.5604319017833389,0.7323741951899148,0.17194229340657585,30.6803186719817
2.680156342913598,3.7336132245260387,1.0534568816124406,39.305799618660586,0.7065282649490173,0.7975996578319764,0.09107139288295907,12.889985779908002,2.7464860578092054,3.2473946679492913,0.5009086101400859,18.23816322372474,0.4481355803038559,0.5262546613112187,0.07811908100736276,17.432019335397232,0.6357052986246048,0.8448753544385004,0.20917005581389558,32.90362000544126
1.0929698608833656,1.9050467373302267,0.8120768764468611,74.30002468599824,0.6401189621828705,0.7265226039510881,0.08640364176821769,13.498060028337939,2.203326723293615,2.664823662605679,0.46149693931206404,20.94546099010687,0.27782530028080316,0.3393594339408616,0.06153413366005844,22.148498930034364,0.43458718504523564,0.6053288542352669,0.1707416691900313,39.288242972985735
1.2290624099234964,2.136406117356111,0.9073437074326147,73.82405483291062,0.75087030535425,0.8393809430180982,0.08851063766384815,11.787739777788932,1.9853465394974892,2.463629017634684,0.4782824781371948,24.09062945042596,0.40701042704475704,0.4751118898783324,0.06810146283357538,16.732117486043318,0.6687267181524517,0.8547915890831801,0.18606487093072843,27.823753093757897
0.5321366889453105,1.1738455485970052,0.6417088596516947,120.59098216354055,0.6220673074363098,0.7036028861590232,0.08153557872271344,13.1071955957212,1.7213534780070352,2.147719602768068,0.42636612476103264,24.769237126977245,0.37339688521325887,0.4230961661714344,0.04969928095817555,13.310041654415706,0.5022348958980347,0.644922869567353,0.1426879736693183,28.41060524362434
2.31544050198488,2.916258017873539,0.6008175158886591,25.94830294164831,0.6725876574948001,0.7526962989682747,0.08010864147347463,11.910513162233276,2.684544873825676,3.1012776961066804,0.4167328222810043,15.523406829371753,0.37155774551757687,0.41839514382243664,0.04683739830485978,12.60568481478314,0.5297766128165727,0.6655780633737802,0.1358014505572075,25.633719434162096
2.741417167433629,3.572299383825978,0.8308822163923488,30.308492492960394,0.6061609748685637,0.6930113948755714,0.08685042000700771,14.32794647095845,2.9146533650981135,3.3796071865916257,0.4649538214935123,15.952285340725616,0.39056385218523243,0.45339687977400506,0.06283302758877263,16.087773417129462,0.6586019998382713,0.832386653320397,0.17378465348212568,26.386900362404138
4.015360748077375,7.288987491322992,3.2736267432456163,81.52758739829505,0.8828529225884163,0.9671116220855118,0.08425869949709552,9.543911261012692,3.4383948649877123,4.070292917399061,0.6318980524113487,18.377704633223004,0.6216390875212083,0.8483289936750606,0.22668990615385232,36.466482031845906,1.2568806263836019,1.790331223763972,0.53345059738037,42.442423423715034
1.121776694919923,1.6452868843972284,0.5235101894773053,46.667950212201156,0.699068273923887,0.7761373978233549,0.07706912389946785,11.02454892808638,0.6969808210633368,1.093913234748528,0.3969324136851913,56.950263434741025,0.539042873213204,0.5804414659551582,0.04139859274195423,7.680018566089107,1.201736712899233,1.3243161324119523,0.12257941951271945,10.200189292460925
0.24740033807362805,0.5172109588011269,0.26981062072749884,109.058307207002,0.6195730747865563,0.6819601162877491,0.062387041501192786,10.069359699448722,0.6754507806096499,0.9855380727864147,0.3100872921767648,45.90819954296085,0.5619860647042821,0.5851452578669075,0.02315919316262538,4.120955058700927,0.6527506780428037,0.7291441879381756,0.07639350989537186,11.703321415831972
1.6766378384707732,1.734357008551568,0.05771917008079486,3.4425544238843684,0.43369902483850264,0.4688074665484757,0.03510844170997307,8.095116589908514,1.3410144254613643,1.5088238001967071,0.16780937473534285,12.513614436146689,0.33584346275609966,0.34250082343520644,0.006657360679106772,1.9822808592053975,0.3650868082519916,0.39394120237974695,0.028854394127755367,7.903433779464137
3.295325573585496,3.3378769708526983,0.04255139726720225,1.2912653489622874,0.39683372989551435,0.4279499280659489,0.03111619817043454,7.841117280687652,1.6404210777640014,1.7885774100693983,0.14815633230539693,9.031603794517409,0.41108950723803706,0.41639556594875854,0.005306058710721484,1.290730757486609,0.6391930547292095,0.6634316355907361,0.024238580861526637,3.7920594853451868
3.627966512403245,3.640593313660099,0.012626801256854225,0.3480407333884114,0.30713690119340886,0.3255558919263092,0.01841899073290032,5.996996994282233,1.473788248094637,1.5607994783717059,0.08701123027706892,5.903916684744906,0.32111870705881884,0.32334978222054156,0.0022310751617227176,0.6947820580611813,0.5407757392655228,0.5530290810882499,0.012253341822727082,2.2658823118377076
-0.7287507304609542,-0.7235343764731375,0.005216353987816724,0.0,0.356347734693229,0.3657870998469549,0.009439365153725898,2.6489196463819296,-0.6003303464806156,-0.5555579301304738,0.04477241635014173,0.0,0.3797608260684453,0.38074317175594974,0.0009823456875044378,0.2586748342830356,0.2824975553142527,0.2883088176582425,0.00581126234398982,2.0571018172264615
14.035958807118522,27.993849582483477,13.957890775364955,99.4437997943256,1.0368572517866597,0.811665176245013,-0.22519207554164666,-21.7187153924619,4.949443913700533,4.892695961635731,-0.056747952064801765,-1.1465520784611383,1.30210798029997,2.233145486977403,0.9310375066774328,71.50232705454638,2.736151106115579,4.693501650461796,1.957350544346217,71.53663918528977
3.225025604730236,4.549642230417919,1.3246166256876828,41.07305764471544,0.756676221777205,0.850820695341251,0.0941444735640461,12.441843797196247,3.713275291537161,4.248365348166644,0.5350900566294827,14.410190858970084,0.3641715483832716,0.4607450853726085,0.0965735369893369,26.51869357122273,0.5590952040825823,0.8101541657151445,0.25105896163256225,44.9045099652615
1.796843091529865,2.9309415833422685,1.1340984918124035,63.116167302444396,0.7505901547897802,0.8427803286735266,0.0921901738837464,12.282358527546414,3.175424732220714,3.6874515162110058,0.5120267839902919,16.12467078166923,0.35355014131107787,0.4371740830134342,0.08362394170235632,23.652639875139574,0.4445344178931911,0.6662827114144165,0.22174829352122544,49.88326766061682
2.151784578302309,3.2220612030550915,1.0702766247527826,49.73902292752733,0.6660967103582653,0.7574174077084411,0.09132069735017578,13.70982560491227,3.1279144807685353,3.631216249446325,0.5033017686777899,16.0906499129774,0.33702148769546963,0.41629003598199904,0.0792685482865294,23.52032472129965,0.5049940327852817,0.716796990414394,0.2118029576291124,41.94167532256146
5.12824023793992,6.441275661585238,1.3130354236453181,25.60401546579614,1.0874850269030414,1.206356514511186,0.1188714876081447,10.930862004295266,4.692626143654461,5.275478012546373,0.582851868891912,12.420590327232127,0.7002685140359219,0.8196550807071947,0.11938656667127279,17.048684080225343,1.0067785683007937,1.3015884255400791,0.29480985723928543,29.282492349519856
4.8367969157878345,6.083604692751754,1.2468077769639194,25.777550694638478,0.9407568824783885,1.0565372889720521,0.11578040649366361,12.307154871792646,4.6701083743848155,5.235142013918371,0.5650336395335556,12.098940629145172,0.5248561841702908,0.637952523191426,0.11309633902113525,21.54806258021357,0.8358199133346702,1.1180020358679215,0.28218212253325126,33.76111504778935
5.290969915005905,6.716544985421299,1.4255750704153938,26.943548977140665,1.0320188613687125,1.1559658839200782,0.1239470225513657,12.010150898500175,4.608109295928373,5.220536772864207,0.6124274769358342,13.290211616225381,0.5832148925195818,0.7133041067234287,0.1300892142038469,22.305537096599274,0.9372155939691902,1.2533374360426144,0.3161218420734242,33.72989567262966
5.6141407066675715,7.438886375798312,1.8247456691307402,32.502670746452814,1.096616528950511,1.2370924426442444,0.14047591369373347,12.809939480683589,5.035408608202519,5.746887536137367,0.7114789279348477,14.129517250613413,0.6401021108989533,0.8082705746182236,0.1681684637192703,26.27213078286777,1.0713886006484166,1.4618894556207451,0.39050085497232856,36.44810619937463
5.5833259725807745,7.0418255627017246,1.45849959012095,26.122415156906726,1.016285206836185,1.1416781988662708,0.1253929920300858,12.338366354898433,4.78077541771813,5.4017010295022825,0.6209256117841528,12.987968635442018,0.6250999833406177,0.7583234125332494,0.13322342919263175,21.312339264619393,0.999950765911469,1.3222755354413227,0.32232476952985367,32.23406396774447
3.764010115775358,4.914495656193046,1.1504855404176881,30.56542105441969,0.9875831439528596,1.0987140598218028,0.11113091586894319,11.252816185595794,3.9304331240738146,4.468941763535671,0.5385086394618566,13.700999927043748,0.5606465380197311,0.6646060877389413,0.10395954971921018,18.542797051134468,0.8312692854398875,1.094958439455293,0.2636891540154054,31.721267540381632
3.979364127685538,5.34561154135845,1.3662474136729124,34.333309791068146,1.010767577502258,1.132065459306599,0.12129788180434109,12.000571101032385,4.155574623798561,4.752515990420089,0.596941366621528,14.364833282090625,0.6109971744185728,0.7354421875926445,0.12444501317407164,20.36752678807295,0.989085738054319,1.2939944013030171,0.30490866324869814,30.82732381203874
2.354434762295705,3.700004743157841,1.3455699808621358,57.15044657045966,0.9005685800900473,1.0209294242521472,0.12036084416209991,13.364983725066793,3.9961995187455917,4.587689017418261,0.5914894986726691,14.801300483073424,0.5538971572010762,0.6763760755282195,0.1224789183271433,22.11221284219029,0.6154557826989746,0.9164449975544605,0.3009892148554859,48.905091692460815
4.581123894468013,6.148723227936964,1.5675993334689506,34.218662703314415,0.9962722125996253,1.1263415513510728,0.13006933875144755,13.055602385220682,4.216519787502971,4.865148283026258,0.6486284955232868,15.383029802106194,0.681103905328988,0.8247221188538698,0.1436182135248818,21.086094559318532,1.324073809506941,1.6668580399000388,0.3427842303930977,25.88860439137783
5.768564821855816,7.10646545960847,1.3379006377526546,23.192954904201564,0.9138683815243258,1.0338798100479547,0.1200114285236289,13.132244308907012,4.466733195297801,5.056193175467069,0.5894599801692681,13.196668670289103,0.5917866931357076,0.7135365243097304,0.12174983117402272,20.57326272899199,1.048995889035266,1.3485298264865415,0.29953393745127554,28.554348075353186
4.9390116235185015,6.2686856819605685,1.329674058442067,26.921865340637137,0.92790114072318,1.0475366286562382,0.11963548793305823,12.893128662372124,4.425053952745293,5.01233244206732,0.5872784893220278,13.271668449549223,0.6150715766112936,0.7360394353846766,0.12096785877338301,19.66728156092815,1.084760412167748,1.3827323969076242,0.2979719847398761,27.468921376326687
4.950698136610932,6.410816861468888,1.4601187248579555,29.493188325505532,0.9439025704527948,1.069366240330575,0.12546366987778024,13.2920148546258,4.42738026266761,5.048722078466184,0.6213418157985746,14.034073852608275,0.591761294852329,0.7251388899490645,0.13337759509673552,22.539087340955483,1.0669365660864925,1.3895660230680187,0.32262945698152623,30.238860231862358
4.125980362050046,5.658450450018588,1.5324700879685418,37.14196272148796,1.0576823421956316,1.1862645368282014,0.1285821946325698,12.156976580099407,4.589635465732831,5.2294177157728585,0.6397822500400272,13.93971819367298,0.6203559902756204,0.760625679134256,0.14026968885863567,22.611160536438877,0.9254798452141586,1.2616916047242999,0.33621175951014126,36.32837184394231
4.117295394628936,5.683927593684841,1.5666321990559045,38.05003160811818,1.0490295354929824,1.179058160160519,0.13002862466753662,12.395134766766198,4.4563732054000464,5.104759063017264,0.6483858576172175,14.549631005579394,0.5690218841267123,0.7125478919246272,0.1435260077979149,25.22328434137234,0.9051124541080349,1.2477159271293918,0.34260347302135696,37.85203390654744
4.203424457636615,5.816861118455579,1.613436660818964,38.38386242169135,1.099389304462032,1.231373858628706,0.13198455416667398,12.00526088720305,4.209030500554986,4.869101514220403,0.6600710136654167,15.682257792581506,0.6399383570493624,0.7879278248878037,0.14798946783844125,23.125581738965195,0.9745952552904263,1.3259346136328725,0.3513393583424461,36.04977106498924
4.647752205334313,6.505080402350805,1.8573281970164919,39.961859302326864,1.05096197833864,1.1927018916444005,0.14173991330576063,13.486683269914579,4.639363325681868,5.358588924352015,0.719225598670147,15.502678884595426,0.6255677708837384,0.7968514709975407,0.17128370011380234,27.380518640183492,1.0601687761370695,1.4566709151899353,0.3965021390528658,37.39990725793663
4.857360205654986,6.409635274528361,1.5522750688733744,31.957174332391503,1.1254901069215564,1.254912821060544,0.12942271413898765,11.499231609683804,4.499386782398705,5.144164682189598,0.6447778997908928,14.330350578288137,0.7050934994113303,0.8472508327435684,0.14215733333223812,20.161486873857537,1.2636448081991252,1.6035636928516759,0.3399188846525507,26.899875854907663
5.181138812168104,6.717359030906591,1.536220218738487,29.65024243570959,1.0255801596775591,1.1543219310924884,0.12874177141492926,12.553067666149614,4.55524885543181,5.1959787218971,0.6407298664652901,14.065748915150165,0.5257635037258446,0.6663905897152256,0.140627085989381,26.747213336951198,1.1248566005240574,1.4617706622039583,0.3369140616799009,29.95173442756495
4.325860900158265,5.401006362534959,1.0751454623766943,24.853907399966545,1.095560859070716,1.202914409526434,0.10735355045571793,9.798958183553406,4.259932915161104,4.777136728174709,0.5172038130136043,12.141125771555593,0.6279960639806408,0.7248197800855365,0.09682371610489571,15.417885820997835,0.9467538522415847,1.1958620777726916,0.2491082255311069,26.311825924056713
3.6409316224481536,5.013803068051717,1.3728714456035638,37.70659787014754,1.1447751081372544,1.2663716399127452,0.12159653177549079,10.621870698547003,4.2417811232838725,4.840462925731313,0.598681802447441,14.11392490671366,0.6871968512466593,0.8122718239862085,0.12507497273954915,18.20074881202494,0.9720801253726803,1.2782431243780499,0.3061629990053696,31.49565462908641
3.8720443305337087,5.419015505172586,1.5469711746388777,39.95231052599154,1.1046098523976706,1.2338080074348592,0.12919815503718857,11.69627038512743,4.823795119911278,5.467237287279511,0.6434421673682333,13.33891990379699,0.641814379335921,0.783466146903933,0.141651767568012,22.07051947240224,0.824219997755403,1.1631465337484292,0.33892653599302625,41.12088239984765
3.644351556659606,4.987227761000924,1.3428762043413185,36.848152091347416,1.1004117253099541,1.2206499568599063,0.12023823154995217,10.926658521026258,4.654800231339184,5.245577343046229,0.5907771117070446,12.691782296682543,0.6704233657925465,0.7926461908559939,0.1222228250634474,18.23069291729722,0.8308167329140197,1.131294892491423,0.3004781595774033,36.166599404359786
2.5708227097086875,3.8432043912451093,1.2723816815364217,49.49317106665055,0.897152320031136,1.01413605819423,0.11698373816309404,13.039451111159595,3.973025838313814,4.544978516828751,0.5719526785149367,14.395896271283206,0.5081896226266982,0.6237141938855738,0.11552457125887561,22.732571881684546,0.5423816269616428,0.8294479824748477,0.2870663555132049,52.92700586509842
3.1445841294554304,4.38640316413185,1.2418190346764195,39.490723846255435,1.0506443478265157,1.1661885537894607,0.11554420596294501,10.99746133903191,4.0396836569645895,4.603361778703242,0.5636781217386524,13.953521354743877,0.675797618861439,0.788420391327022,0.11262277246558305,16.665162664426976,1.026735021301396,1.3079631589582896,0.2812281376568937,27.39052743135561
20.30295507322783,34.042279661926884,13.739324588699052,67.67155095967381,1.9761562260500583,2.377168893957074,0.4010126679070156,20.292558990063245,10.109933545870604,12.842343607617217,2.732410061746613,27.02698340547119,1.8189756293297554,3.151524011793981,1.3325483824642257,73.2581767989511,3.599268520875002,6.025393252575976,2.426124731700974,67.40604980234066
14.07188322235719,22.03946714830113,7.967583925943941,56.62059441543096,1.7749473460454217,2.0788175795243196,0.30387023347889786,17.119957623301897,8.04378909886624,9.917867399936066,1.8740783010698259,23.298451488913035,1.4266549143398306,2.1887440599180046,0.762089145578174,53.41790351108296,2.8801941877452815,4.34035615983947,1.460161972094189,50.69665018792555
15.14913720516078,24.238337203024418,9.089199997863638,59.998136360975494,1.6615333248742146,1.9863086568483457,0.3247753319741311,19.54672392735295,8.499161719427976,10.549125509251422,2.0499637898234457,24.119599761674092,1.370851679279129,2.2428213161795796,0.8719696369004506,63.607876043816894,2.7631494970304904,4.411976798738548,1.648827301708058,59.67202655810062
4.86895390685996,6.047881089445797,1.178927182585837,24.213151431251475,1.0281127024418777,1.140636549017661,0.1125238465757834,10.944699575107595,4.3760502355035555,4.922470573096671,0.5464203375931156,12.486610257805657,0.646318792786748,0.752974689792915,0.10665589700616707,16.50205721951799,0.9839990611018062,1.2531653154306046,0.26916625432879837,27.354320239635875
3.3754225818501586,4.4461589662641705,1.0707363844140119,31.72155066365388,1.0271555475966356,1.1342838994870712,0.10712835189043557,10.429613327903176,4.133066301471001,4.649006900527512,0.5159405990565107,12.4832403214263,0.6847722346150764,0.7811786560624954,0.09640642144741896,14.078611335871532,1.0776229561669803,1.3258744471817319,0.24825149101475152,23.036952729530043
4.254475017373937,5.503410942301185,1.248935924927248,29.355817576245872,1.023175882906795,1.1390569033094873,0.11588102040269233,11.325620779242739,4.386165832264302,4.951777139593533,0.565611307329231,12.89534707440009,0.636771020557704,0.7500693896500392,0.11329836909233526,17.792639023224552,0.9802025842770196,1.2627915459550314,0.28258896167801184,28.82964870842945
4.917789020687509,6.151718789573783,1.2339297688862745,25.09114896339678,1.0262806181365105,1.1414503018545714,0.11516968371806091,11.222046064475286,4.487506898688082,5.049037453364529,0.5615305546764473,12.513196466407889,0.6578563768722444,0.7697303207226327,0.11187394385038829,17.00583102687081,1.0696911235268864,1.3494097973229842,0.2797186737960977,26.149480690634807
3.1413525172695986,4.356857071616548,1.2155045543469494,38.693669292596354,0.849099934901471,0.9622491729072153,0.11314923800574439,13.325785735559403,3.407817716131455,3.935480266882631,0.5276625507511761,15.48388425394352,0.5085112306846239,0.6140836510613035,0.10557242037667958,20.76107940321087,0.8776881389604139,1.1641297223073603,0.28644158334694647,32.63591823016145
3.1539579928204176,4.271875463833069,1.1179174710126518,35.44490679829751,0.9557587225430451,1.064428466694512,0.10866974415146702,11.369997635210993,3.063235321465778,3.567066890487961,0.5038315690221831,16.4476938970884,0.6629364941222151,0.7601309681485635,0.0971944740263484,14.66120433678074,1.2642404868781476,1.5318734883039888,0.26763300142584123,21.16946927453026
2.1065380010082717,3.0732100064627166,0.9666720054544449,45.88913207318158,0.7852896355676435,0.8865925362642513,0.10130290069660774,12.900068472619195,2.7629245928210078,3.228116400204861,0.465191807383853,16.836934623281984,0.4346336315737918,0.5188355199110322,0.08420188833724035,19.373072450088255,0.8395703861151151,1.0776639557011614,0.23809356958604622,28.358976629435418
1.1009285438645984,2.238245863760683,1.1373173198960846,103.30528045932485,0.8817884765790255,0.9913645107669188,0.1095760341878933,12.426566812599207,1.9678997931019888,2.4765323183368966,0.5086325252349078,25.846464693873124,0.5818083265065559,0.6806685852722677,0.0988602587657118,16.991894797950753,1.1779698550968216,1.4493563747018525,0.2713865196050309,23.03849444285861
1.3002098408636642,2.493960972034161,1.193751131170497,91.81219012906008,0.9806922364337346,1.0928596938246342,0.11216745739089962,11.437579826143427,1.9249895813751567,2.4474072667561213,0.5224176853809646,27.138727940946282,0.6800334678860646,0.7837386392080566,0.10370517132199208,15.250009921477462,1.401634032009669,1.6838982850316047,0.2822642530219357,20.138227709641438
2.598792639231679,3.7098834307973894,1.1110907915657102,42.75411492215858,0.7883372993392634,0.8966861754775697,0.10834887613830624,13.743974340566876,2.3659085059700615,2.8680428096586406,0.502134303688579,21.22374142624318,0.5141804401533078,0.6107886991713231,0.09660825901801529,18.78878531225548,1.20313920137723,1.4694495772154885,0.26631037583825856,22.134627109931575
3.1577093035940553,4.427021998012523,1.2693126944184678,40.19726239441218,0.7868664080054978,0.9024053814084579,0.11553897340296015,14.683429388709257,2.748982232242601,3.2894624034395292,0.5404801711969283,19.66110092883388,0.5107335839774922,0.6209240514116651,0.11019046743417282,21.57494061307487,1.153263056632012,1.4500020003786567,0.2967389437466448,25.73037799487316
2.6091025241347863,3.715133213018346,1.1060306888835596,42.39123141588061,0.8980880332029522,1.0061984095184928,0.10811037631554066,12.037837307549292,2.006033731595288,2.5069073092664746,0.5008735776711868,24.96835271423226,0.7078213402811646,0.8039950698894105,0.09617372960824588,13.587288788162736,1.5676363874985515,1.832965791750424,0.26532940425187257,16.925443066249173
1.9581505803655337,2.957986800172836,0.9998362198073023,51.06023151808172,0.8609628907418668,0.9639299274625833,0.1029670367207165,11.959520883878373,1.7906025534321055,2.264463083568809,0.4738605301367034,26.463747034674984,0.6854363778435534,0.772488148843757,0.08705177100020367,12.700197102767822,1.4617360677246836,1.7063515867878862,0.24461551906320267,16.73458871709771
2.110859029741401,3.289649070127096,1.178790040385695,55.84409113905192,0.7949685657929773,0.9064553615708283,0.11148679577785103,14.024050833587804,1.8912692628984722,2.410057900794307,0.5187886378958346,27.430712700356747,0.5583629577595584,0.6607838162212876,0.10242085846172921,18.343061092858807,1.2152876547957936,1.4946739397738307,0.2793862849780371,22.98931317828475
1.7619970443110977,3.186417564683857,1.4244205203727593,80.84125481207471,0.7968596359889556,0.9190050690520827,0.12214543306312708,15.328349880783772,2.296123414036762,2.872416613035387,0.5762931989986253,25.098528915109902,0.5851666114903925,0.7086643284896201,0.12349771699922762,21.1047101072094,1.3119119313791379,1.6380759949530068,0.32616406357386896,24.861734676884247
1.2243686072606785,2.5902664827075217,1.3658978754468432,111.55936760766947,0.9271591157576982,1.0468583595731842,0.11969924381548602,12.910323781659066,2.064927651620849,2.62789535406376,0.5629677024429114,27.263313656583282,0.6615251945255951,0.780002809178312,0.11847761465271689,17.909766042649622,1.2930569209303728,1.6081612639639702,0.31510434303359736,24.368946017231423
2.607493691607066,3.798810566609562,1.1913168750024958,45.68819778306947,0.9234381590320587,1.0354951735894764,0.11205701455741768,12.134761105700358,2.8080548600039803,3.329883303640486,0.5218284436365055,18.58327097055952,0.6453088991418146,0.7488051108036211,0.10349621166180656,16.03824335902456,1.2147378378978146,1.4965341079078904,0.2817962700100758,23.198114129526346
1.3775794507979235,2.8502226486660924,1.4726431978681689,106.90078144060455,0.9317258644736905,1.0558476934805243,0.12412182900683377,13.321711217810531,2.077545527396462,2.66466092975746,0.5871154023609981,28.260049881879574,0.6331038352262826,0.7607375001489836,0.127633664922701,20.159989218369283,1.3734227412342837,1.708664144642862,0.33524140340857844,24.40919269381689
0.9093936527760014,2.1982816395629494,1.288887986786948,141.73047973806592,0.9036420075216364,1.0200371908422237,0.11639518332058729,12.880674243976022,1.552134628047979,2.097224854046983,0.545090225999004,35.118746540983324,0.6884005467540462,0.8002708220214829,0.11187027526743676,16.250753401479518,1.4247972330991923,1.725270282975623,0.30047304987643075,21.088828844989223
2.2135800588602432,3.4092386227475897,1.1956585638873465,54.01469710126421,0.894839933126195,1.0070938490578194,0.11225391593162437,12.544580519496524,2.80225453991157,3.3251336125118724,0.5228790726003023,18.659228316097316,0.5964094125716478,0.7002783188810016,0.10386890630935375,17.4157054063723,1.1103251423577905,1.3929560219300958,0.28263087957230537,25.454785160690395
1.3834724603176636,2.5420535048773507,1.1585810445596871,83.74442410611206,0.9637112210805957,1.0742713959117767,0.11056017483118097,11.472334493232465,2.6126463020840944,3.1265039691700096,0.5138576670859152,19.668091569686013,0.6438025097120503,0.744488426235999,0.10068591652394865,15.639255051829764,1.0892599867965171,1.3647522012769606,0.2754922144804435,25.291685898667616
0.8695640518223393,1.9728453859494612,1.103281334127122,126.87752349179833,0.9378557651566739,1.0458363162380793,0.10798055108140536,11.513556251729884,2.4579063161187173,2.9580939313967445,0.5001876152780271,20.35014971880108,0.5889610410730115,0.6848986691176684,0.09593762804465689,16.289299521386138,0.9495243831436472,1.2143205677283315,0.26479618458468435,27.887244317834973
-2.0225733409362205,-0.9169021241502735,1.105671216785947,0.0,0.912057574238372,1.0201509857683924,0.10809341153002039,11.851599568183564,0.9814997838568682,1.4822837119524899,0.5007839280956217,51.02231669657207,0.5980900042613451,0.6942328642883085,0.09614286002696348,16.074981916091733,0.8140048273677858,1.0792645230971099,0.26525969572932406,32.58699295274249
1.8128186937268056,3.188155508502446,1.3753368147756404,75.867312022705,1.0191220632729496,1.1392195038458162,0.12009744057286653,11.784401977047674,2.2878787166442685,2.8530103679629493,0.5651316513186808,24.701119303543507,0.7123432995000113,0.8316306499367322,0.1192873504367209,16.745767177209057,1.3669717508653938,1.6838632260067103,0.31689147514131655,23.182006134413598
-1.0494100726962148,0.05343061016768891,1.1028406828639037,0.0,0.8603997297406565,0.9683594574634435,0.10795972772278706,12.547624550664201,1.2649340136551208,1.765011623624345,0.5000776099692241,39.53388908597791,0.5960811708462361,0.6919809575530225,0.09589978670678634,16.0883771199551,0.968188340413668,1.2328990491389946,0.26471070872532665,27.340827985206516
1.787411112034945,2.811157201623018,1.023746089588073,57.27535667060675,0.9301384446748546,1.0342874587459099,0.10414901407105526,11.19715185060029,2.4339968154352603,2.914035625088818,0.48003880965355794,19.722244770797488,0.6612256912716441,0.7503317451619338,0.0891060538902897,13.475891071159731,1.3230851034411786,1.5723863302314192,0.24930122679024058,18.842418083450514
2.237747367862469,3.297635526111713,1.0598881582492439,47.36406680534566,0.8558914363314745,0.9618001469710862,0.10590871063961171,12.374082289403209,2.9352817426082645,3.424551133914436,0.48926939130617164,16.668566570765073,0.6141472727109001,0.7063580692369698,0.09221079652606967,15.014443704853253,1.1895279579979399,1.445887414784651,0.2563594567867111,21.551360357950923
0.678816433809867,3.182625131155852,2.503808697345985,368.8491575392957,0.8964158278266459,1.0566555927644257,0.1602397649377798,17.875606383064436,2.178417578454214,2.972188490587766,0.7937709121335521,36.43795936942471,0.6152957306556739,0.8312953439112776,0.21599961325560368,35.10500764005454,1.1458794895579316,1.6696321029737604,0.5237526134158288,45.70747780972038
3.3279893538120944,5.83828435037355,2.510294996561456,75.429778454249,1.0041221102568052,1.1645610976364948,0.16043898737968965,15.978035513893547,3.6239816408623913,4.418939572149053,0.7949579312866621,21.936036383933992,0.6699266699844033,0.886481906436499,0.21655523645209573,32.32521500556731,1.3892974646526919,1.9142105099490592,0.5249130452963673,37.782624574758685
1.6435595009151518,3.076701901468751,1.4331424005535993,87.19747595116635,0.8909451130331043,1.0134505761360677,0.1225054631029634,13.750057249420205,2.368766417079539,2.9470273188838982,0.5782609018043594,24.411900541772262,0.6357611000629877,0.7600069124177706,0.12424581235478294,19.542845943621487,1.1480439516470766,1.4758521479363962,0.32780819628931956,28.553627743869864
1.415861316360011,2.569704426327528,1.1538431099675173,81.49407690111154,0.8248299294913694,0.9351716423423176,0.11034171285094829,13.37751079413309,1.9705487324121695,2.483245449786717,0.5126967173745474,26.017966921678205,0.5445298374095551,0.6448089801239485,0.10027914271439342,18.415729648799918,1.272991672525669,1.5475698184173898,0.2745781458917209,21.56951626768668
0.9794882045603115,2.2319337421208068,1.2524455375604953,127.86734252942978,0.8333078222069461,0.948103485419197,0.11479566321225088,13.775901311981468,1.684436410585374,2.2209219725048968,0.5364855619195228,31.84955861486536,0.6568858147750423,0.7656287710895424,0.10874295631450015,16.5543164228231,1.4265832614431686,1.720099612133878,0.29351635069070947,20.57477881759111
3.7146258015539533,6.003204906010078,2.2885791044561246,61.609950146222936,1.1215531702170984,1.275020696930739,0.1534675267136405,13.683482048731927,3.4735900960125186,4.227319803674052,0.7537297076615337,21.698867362812095,0.8486049196460346,1.0461670915878314,0.19756217194179682,23.28081859626773,1.7316685224004615,2.2167695593638053,0.4851010369633437,28.013504356531833
0.8147613789431674,1.875373086780855,1.0606117078376875,130.17451922100364,0.8729019679278138,0.9788455841270703,0.10594361619925652,12.136943218349774,1.3812171133543532,1.8706700014255866,0.48945288807123344,35.43634692467524,0.6895168862049768,0.7817898317698988,0.09227294556492205,13.382260450905262,1.3023695539479423,1.558870016227241,0.2565004622792988,19.694906219341142
